mysty,myst,myst2,myst3,myst4,myst5,myst6,myst7,myst8,myst9,myst10
317.5172327192372,-0.62262645048031,0.38766369683770985,-0.24136967154213826,0.15028314184587982,-0.09357025917452909,0.0582593183403597,-0.03627379258566059,0.022585022723068834,-0.014062032532081494,0.008755393401988545
234.07967771234837,-1.7925051569052377,3.213074737531871,-5.759453036547821,10.323849268965501,-18.505553053733028,33.171299280199925,-59.45972502100536,106.5818637283195,-191.04854036558402,342.4554938245278
240.18992002527023,-1.534783010466054,2.355558889215244,-3.615271763319846,5.548657680560953,-8.515985539016931,13.07018992265779,-20.059905436859804,30.78760205604805,-47.25228856861231,72.5220097007455
296.2336203099617,-0.3241497816339215,0.10507308093331899,-0.03405941624013871,0.011040352336819803,-0.003578727799141694,0.0011600438346190246,-0.00037602795567753377,0.00012188937972112248,-3.951041582009599e-05,1.2807292660349552e-05
260.6747648603003,-0.8645375785331443,0.7474252246959526,-0.6461771938932301,0.5586444665117952,-0.4829691343390477,0.41754496590772916,-0.36098331375457243,0.3120836399642483,-0.26980803439450085,0.2332591847242091
308.51507780400385,-0.2514816757603363,0.06324303324322693,-0.015904463980173363,0.0039996812538039056,-0.0010058465442138091,0.00025295197449663195,-6.361278643329885e-05,1.5997450132030384e-05,-4.023065567095414e-06,1.0117272705068624e-06
225.45722490382886,-2.699333100419229,7.286399187018888,-19.668418508387845,53.09161311258951,-143.31194862946447,386.84668662109357,-1044.2280659838225,2818.719382896887,-7608.66253104683,20538.31461997426
292.811271566599,2.914449389549408,8.494015244244917,24.755377543412965,72.14829496946506,210.27255423078805,612.828717316915,1786.0582810826297,5205.376467000936,15170.806266625732,44214.5470627397
324.92449864268883,1.480185600748223,2.190949412662378,3.2430117725906284,4.800259328845619,7.105274738414614,10.517125357161408,15.56729751493433,23.04248962416939,34.107161347085864,50.48492910835286
284.5135556024993,3.567055782894983,12.72388695828454,45.38681455545092,161.8972993272034,577.4966978001809,2059.9629354908916,7348.00270159211,26210.735529442092,93495.1557442274,333502.43597011344
316.1260152248238,-0.8027438892871929,0.6443977517879289,-0.5172863575181652,0.4152484625093373,-0.33333816581527254,0.2675851756744111,-0.21480236463647348,0.1724312856163685,-0.13841816085047445,0.11111433278909012
305.71988690462956,1.0996430622605757,1.2092148643778164,1.3297047363954289,1.462200588232261,1.6078987324829386,1.7681146859924368,1.9442950477326195,2.13803056022677,2.3510704724544595,2.5853383339202405
282.97848886200006,-1.6840127068022386,2.8358987966714024,-4.775689608799819,8.042321984962308,-13.543372414871529,22.807211239598573,-38.40763353420683,64.67894290980807,-108.92016172265336,183.42293636790305
196.45296515376444,3.9311787100163906,15.454166050086133,60.7530885571567,238.83124830363482,938.8883186178874,3690.937769233725,14509.735978407009,57040.36516627247,224235.8691532109,881511.2748371238
298.1739456514775,-1.4018040766345516,1.9650546692692479,-2.754621646191392,3.8614398532168734,-5.4129821279185375,7.5879404136661766,-10.636805805137312,14.910717740011549,-20.90190491349532,29.300375517165502
292.4902482155068,-0.8944079211970617,0.7999655295000493,-0.7154955062694458,0.6399448483882942,-0.5723717415277431,0.5119338194917706,-0.4578776632821064,0.409529408978717,-0.3662863473537155,0.32760941049950154
282.2650532031547,0.4679054153547792,0.21893547771832844,0.10244109563769148,0.04793274340375269,0.022427990211426954,0.01049417807545065,0.004910282751200755,0.002297547890209997,0.0010750350998662052,0.0005030147449238633
230.9197550576416,2.09372661396253,4.383691134015001,9.17825079467879,19.216747958441722,40.23461663439955,84.24028765002184,176.37613222070976,369.2834020982741,773.178487067783,1618.8243757171008
295.28235405947424,-0.18216106080957054,0.033182652075268056,-0.006044587102505726,0.0011010883987482914,-0.00020057543076110014,3.653703323977857e-05,-6.6556247337926036e-06,1.2123956618580762e-06,-2.2085127988498852e-07,4.023050342500088e-08
276.4867933054388,1.697317122470485,2.8808854142314875,4.88977614145058,8.29950076993173,14.086884764762098,23.909910713499322,40.58270085076289,68.88171303009737,116.91411095108259,198.44032237568652
275.79293958727874,-2.289141753668108,5.2401699683867,-11.995491870951684,27.459381297581867,-62.858416258187795,143.8918252260679,-329.388785136506,754.0176212459888,-1726.053219795698,3951.180494487608
299.72440390274147,-0.8532817775735482,0.7280897919390741,-0.6212657518989281,0.5301147451258843,-0.45233725203896297,0.3859711344825404,-0.3293421357233411,0.28102164299988125,-0.23979064707557773,0.2046089895821603
282.37223302192984,1.8475572492559558,3.4134677892782337,6.3065771591827025,11.651762348440034,21.527297993467982,39.77291546472496,73.48273829089692,135.7635658245248,250.83096022393892,463.4245588995706
313.50356073312537,0.9398078286174424,0.883238754730632,0.830074696234169,0.7801106978581175,0.733154141035275,0.6890240013282479,0.6475501505536024,0.608572700912679,0.5719413886005971,0.5375149945171719
313.6867757424156,0.7268100834861062,0.5282528974570807,0.3839395325025583,0.279051123671801,0.20281717049279344,0.14740956461828303,0.10713875796686485,0.07786952962249477,0.056596359325949246,0.041134804646702834
322.74343043546764,0.19948427611001304,0.03979397641513592,0.00793827257871232,0.001583560558928394,0.0003158954317741983,6.301617153393596e-05,1.2570735361671626e-05,2.507664043793607e-06,5.002395465032757e-07,9.978992381580718e-08
265.4374405546988,1.4742654213714714,2.173458532651602,3.2042547594730344,4.723921993156056,6.964314847766174,10.267248563605593,15.136649529949635,22.31543899742348,32.89888007662589,48.501681298816386
317.4847136416472,1.6195347468091825,2.622892796122283,4.247866020475531,6.879566619950167,11.141697183997898,18.04436572791062,29.223477280484015,47.328436878332575,76.65004803662472,124.1374161399067
272.2004806020587,-1.9852843628031456,3.9413540011906916,-7.8247084668354905,15.534271362701876,-30.839946023912745,61.22606259096702,-121.55114465785346,241.31358677005957,-479.07609034653933,951.1022707578514
310.1892108388362,-1.1580191497854717,1.3410083512698667,-1.5529133507927484,1.7983033981755263,-2.0824697722115477,2.4115398750703614,-2.7926093558027425,3.233895111889646,-3.7449124679658405,4.336680352174815
324.49275329904435,0.5667984083990733,0.32126043576372265,0.1820899036724707,0.10320826758709696,0.058498281801992215,0.03315673301944966,0.018793183503137065,0.010651946498329807,0.0060375063216054166,0.0034220489737852933
334.57806006609917,0.41973596300496135,0.17617827863970228,0.07394835944539185,0.031038785864448578,0.013028094675319107,0.005468359864664874,0.002295267293852791,0.0009634062279390929,0.00040437624084899246,0.00016973125086907804
272.3236442871998,0.7212868679481483,0.5202547458744495,0.37525291618694157,0.27066500060488813,0.1952271105494834,0.1408147511068038,0.10156783078672457,0.07325954255244407,0.05284114599496648,0.03811362469350022
309.1706385940086,-2.5315963613145964,6.408980136621305,-16.22495079360802,41.075026391606436,-103.98538735389187,263.2490282550015,-666.4402820499652,1687.1577930711653,-4271.202529902527,10812.960783138935
326.31673829368214,0.9485390841669811,0.8997263941923352,0.8534256499480578,0.8095075844063414,0.7678495827390162,0.7283353399892649,0.6908545363598642,0.6553025292113899,0.6215800609104781,0.5895929817124812
278.7025306344367,-2.047712030714023,4.193124560730948,-8.586311609291215,17.582293581805107,-36.00347409500827,73.7247470518491,-150.96705149941963,309.13704759678507,-633.0236515033504,1296.2501469099316
256.8984828218322,-3.3233166657049935,11.044433660552556,-36.70415044738751,121.97951488234632,-405.3765546831118,1347.1946600644571,-4477.154465740984,14879.002050932548,-49447.63548492292,164330.15108674995
322.8227895489017,-0.05152786986361315,0.0026551213726814524,-0.0001368127485636278,7.049669503669839e-06,-3.632544527665818e-07,1.8717728169534437e-08,-9.644846612622564e-10,4.969784011097256e-11,-2.560823837740848e-12,1.319537974547488e-13
231.9759181294766,4.323217360315603,18.69020834453421,80.80183318300583,349.32388796209614,1510.2030968106767,6528.936245734302,28226.010521952314,122027.1787009551,527550.0173903034,2280713.393616558
297.00875639644346,-0.8485046979713085,0.7199602224793814,-0.6108896311262235,0.5183427219525604,-0.43981623473598314,0.3731861414175335,-0.31665019421056223,0.2686791774011893,-0.2279755442719757,0.1934383203373374
304.0510125060244,0.3248893455575416,0.10555308685680768,0.034293073310486595,0.011141454145000788,0.0036197397457286653,0.0011760148770784081,0.0003820747037799368,0.00012413200046515525,4.032916439387274e-05,1.3102515826807823e-05
278.1122472601029,1.5271433634139926,2.3321668524194017,3.5615531310463897,5.43900222752382,8.306136155356924,12.684660705266342,19.37129541320575,29.582745231009078,45.17709305110245,68.9918978313275
318.8482609321759,-0.9509121788711208,0.9042339719254224,-0.8598470964528913,0.8176390759840256,-0.7775029552741397,0.7393370292784677,-0.7030445854312893,0.6685336585760112,-0.6357167979251968,0.6045108454600209
306.3868921379719,-0.3680108028481433,0.135431951012935,-0.04984042102356062,0.018341813355170024,-0.006749985458526918,0.0024840675678057837,-0.0009141636999572412,0.0003364221171558935,-0.0001238069734304125,4.556230369032485e-05
285.34635675526266,0.8586568052841071,0.7372915092607091,0.6330803719048982,0.5435987696279343,0.4667647828850934,0.4007907572912442,0.3441417112430977,0.29549962234100396,0.25373276168198666,0.21786936254176836
301.1999266208395,2.418534525436373,5.849309250727741,14.146756372839402,34.21441871064913,82.74875291944115,200.13071587247225,484.02304593787125,1170.6264477076172,2831.2004801698085,6847.356109722719
251.7197500535311,-3.1584583221720015,9.975858972897575,-31.508334793762582,99.51776224714106,-314.3227043734173,992.7751614758297,-3135.638970808987,9903.785002678494,-31280.69216271215,98798.76248461868
239.7455896145962,-2.199977687456697,4.839901825307316,-10.647676025157036,23.424649678613093,-51.53370662943849,113.37300473670395,-249.4180807806711,548.7142125657484,-1207.1590244350177,2655.7229189690324
345.09731451135474,-0.11946245220592651,0.014271277487053275,-0.0017048818047146169,0.00020366936111247365,-2.433084131771047e-05,2.906621968046969e-06,-3.4723218793850706e-07,4.148120865596319e-08,-4.955446906507068e-09,5.91989839227607e-10
255.34883124627987,-0.9401066908098618,0.883800590105469,-0.8308668480998556,0.7811034830707753,-0.7343206106497234,0.6903397192713884,-0.6489929890188338,0.6101226512652969,-0.5735803866691576,0.5392267592249826
229.09219786063028,-1.912065814297888,3.6559956782066454,-6.990504353519748,13.366304399065667,-25.557253704952938,48.86715111657855,-93.4372090921387,178.6580932884822,-341.60603262454975,653.1732169393306
216.07872502306245,-3.1804743354165423,10.115416998243298,-32.17182415494904,102.32166104834943,-325.4314169214658,1035.0262694569628,-3291.8744864897967,10469.722319693308,-33298.68313672231,105905.60711951293
257.85414719968344,-2.7801141966213745,7.729034946255711,-21.487599780268223,59.737981200442015,-166.0784096128496,461.71694431698296,-1283.6258317162851,3568.6263979043633,-9921.188911251718,27582.038139533463
242.49673238679833,-0.8644806921842497,0.7473268671593595,-0.64604964740981,0.558497446378223,-0.4828102590281821,0.41738014691833975,-0.3608170783119302,0.3119193976109961,-0.26964829675244806,0.2331057462228603
312.95747047057057,0.8317266125460184,0.6917691580172747,0.5753628184615192,0.47854456798392914,0.3980182524815712,0.3310423728679831,0.27533675139468355,0.22900490354692535,0.19046947268351191,0.15841852930848374
262.47210716899167,-1.9470713547075484,3.7910868603226877,-7.3815166289424825,14.372339582511335,-27.98397070123727,54.48678774335439,-106.08966362511568,206.5641450750221,-402.1951297852299,783.1026162077058
278.77949045118606,-0.9348835251529526,0.8740072056024113,-0.8170949373826637,0.7638885954449357,-0.7141468629336992,0.6676441366963791,-0.6241695040624107,0.5835257862508366,-0.5455286440678305,0.5100057418380437
298.16916962296705,-1.3271090873975677,1.761218529853205,-2.3373291158611726,3.101890709898285,-4.116547349220107,5.463107395852372,-7.250139470464544,9.621725976153286,-12.769079979402258,16.945962078371085
313.6300646307523,-0.9425515431705863,0.8884034115332536,-0.8373660064986816,0.7892606216239236,-0.7439188168754054,0.7011818288395502,-0.660900014815892,0.6229323288461823,-0.5871458278448163,0.553415206101303
302.8112251975804,-1.0321184840787727,1.0652685651770637,-1.0994833766273204,1.1347971159544001,-1.1712450790558189,1.208863695479814,-1.2476905648364889,1.2877644943784246,-1.3291255377883266,1.3718150352124714
281.5893567616096,-0.5063393338981858,0.2563795210524584,-0.1298150359148377,0.06573045881508797,-0.03328191673325378,0.016851943549570602,-0.008532801871779405,0.004320493216041977,-0.002187635657122325,0.001107685981439238
212.1181285164828,-2.375276127259222,5.641936680727569,-13.401157509240331,31.831449509339215,-75.60848211559072,179.5910225874685,-426.57826862208566,1013.2411778656118,-2406.727580940203,5716.642567823602
284.7729162590005,0.4354879732449156,0.18964977484096435,0.08259019607184614,0.03596703709722847,0.01566321208909672,0.006821140487185991,0.0029705246459834633,0.001293627757553409,0.0005633593302702992,0.0002453362129480256
272.6994846463472,0.29144637287026104,0.08494098825923123,0.02475574293616837,0.007214971486454858,0.002102777270089624,0.0006128468083216502,0.00017861197941046106,5.2055813550356614e-05,1.5171478046062021e-05,4.421672247605571e-06
227.5930942502918,4.818054504905932,23.21364921224435,111.84462716235993,538.8735097491326,2596.3219412212793,12509.220625087299,60270.106785564065,290384.6595093485,1399089.116904592,6740887.622467032
268.642058809491,-0.0204500711383388,0.0004182054095631175,-8.552330376003866e-06,1.748957645878549e-07,-3.576630827615788e-09,7.314235486031844e-11,-1.4957663601191328e-12,3.058852847077036e-14,-6.255375832443555e-16,1.2792288077051598e-17
391.94064621046476,0.9361406162134102,0.8763592533244233,0.8203954914314496,0.7680055408873407,0.7189611803015885,0.6730487623610497,0.6300682831383462,0.5898325108336567,0.5521661701545224,0.5169051787806532
287.41908594119684,1.1400896770763227,1.2998044717759938,1.4818936604894528,1.6894916648488703,1.926172006600687,2.1960088209988298,2.5036469875893124,2.854382085593807,3.254251550217084,3.710138599012118
312.3140524341615,0.12332400733630611,0.015208810785485282,0.0018756114928856784,0.00023130792550869346,2.8525820302379858e-05,3.5179184722448432e-06,4.3384380347964983e-07,5.350335640313528e-08,6.598248317577256e-09,8.137224239236669e-10
260.294807618146,-1.6909507590815873,2.8593144696385964,-4.834959972888351,8.175679236284648,-13.824671010603097,23.376837939432523,-39.529081858610674,66.84173097461591,-113.02607572985403,191.12152855140965
188.31602160260547,-4.459278575642019,19.885165415179912,-88.67349210900942,395.41980358906727,-1763.2870585293028,7862.988202806554,-35063.25483330121,156356.82107041654,-697238.622354801,3109181.250776921
276.6980394615136,-0.6970970038113381,0.48594423272274473,-0.33875026865042496,0.2361417973164971,-0.1646137393839544,0.11475174451073508,-0.07999309728055759,0.05576294843986559,-0.03887218428111643,0.02709768319396846
266.0096893883304,-0.4621925325116469,0.21362193710952976,-0.09873446411269732,0.04563433201442789,-0.021091847483225748,0.009748494403621515,-0.004505681316585445,0.002082492258403038,-0.0009625123708471991,0.00044486603025565636
255.13671425724638,2.4920388115489676,6.210257438266391,15.476202565870512,38.567297449543034,96.11120210081475,239.512845859857,596.8753077473091,1487.4364325615286,3706.7493196552678,9237.363169263657
298.1984104917045,0.5780473146128149,0.3341386979310866,0.19314797704728714,0.11164866945508194,0.06453821355860392,0.037306141037459356,0.021564714645270315,0.012465425391090145,0.0072056056728260565,0.004165181009335967
283.187576810201,0.8014402566420571,0.6423064849664863,0.5147702741543984,0.4125576206300031,0.33064028535734613,0.2649884351529945,0.212372399476193,0.17020379033988958,0.13640816941145198,0.10932299830118729
198.0905781410699,-3.6308194460027554,13.182849849471756,-47.86454758719655,173.78753015371748,-630.9911439549077,2291.014915727003,-8318.261507103965,30202.105636929267,-109658.39245679222,398149.823749523
282.45297525063586,1.536604818396412,2.3611543679190703,3.6281611787221784,5.575049949143305,8.566648614654275,13.163553538786706,20.227179794918793,31.08118193544277,47.75949392345688,73.387468486958
270.03201189833084,1.301301502995743,1.69338560169898,2.2036052286422336,2.8675547960414165,3.731553366011347,4.8558760036993895,6.318958741974979,8.22287050830013,10.700433751390328,13.924490523390613
284.12613874818385,-1.469078658943744,2.158192106163949,-3.170553965066308,4.657793167108382,-6.842664539572915,10.052412445397689,-14.76778459443424,21.69503718756153,-31.87171613723755,46.822058001128624
297.697309369708,0.1775341725357118,0.03151838241793989,0.005595589942233085,0.0009934084302435022,0.0001763639436532805,3.131062680162006e-05,5.558706220800097e-06,9.86860309278859e-07,1.7520142841615885e-07,3.110424062093751e-08
254.35663703197193,-0.45655839441048773,0.20844556750668247,-0.09516757362283389,0.04344955461318292,-0.019837258892045594,0.009056867069257507,-0.0041349886875294275,0.0018878637960839653,-0.0008619200636057836,0.00039351684035004205
254.06801540669042,0.6969619278905046,0.48575592892884895,0.3385533887104935,0.23595882248952893,0.16445431582507544,0.1146183970073585,0.07988465894996782,0.05567656591064502,0.0388044467154059,0.027045221993493657
360.43753151758165,-1.0655564538301083,1.1354105562989958,-1.2098440460112285,1.289157131355195,-1.3736697013166368,1.4637226156688197,-1.559679079742998,1.6619261093239557,-1.7708760915789032,1.8869684483153382
273.20619196519755,-1.439507205178545,2.0721809937609454,-2.9829194709529183,4.2939340709041,-6.181149033628092,8.897808570190039,-12.808459547087967,18.43786980527105,-26.541446432831613,38.206603375921496
291.19513273788186,1.5945624503530382,2.5426294080758853,4.054381379281179,6.464964306812328,10.308789326515598,16.438008368661958,26.21143090325736,41.7957634883574,66.64595504237123,106.2711373784819
229.84964150921968,-3.486269301084449,12.154073639683853,-42.37237381314955,147.72150603885788,-514.9969516132313,1795.4180625612817,-6259.310874119915,21821.643346388326,-76076.12529772735,265221.8601709209
287.5228313907073,0.4049660984111522,0.16399754086235102,0.0664134442720498,0.026895193408898493,0.01089164154081496,0.004410745580076664,0.0017862024286478813,0.000723351428502057,0.00029293280578061154,0.00011862785545360608
154.4621450955172,-4.13437331886218,17.09304273971948,-70.66901984126712,292.1721101018768,-1207.9485765208628,4994.110365325406,-20647.516645854415,85364.54192138322,-352928.88449665887,1459139.7635187786
216.07835513293685,-3.908708646101954,15.27800328011217,-59.717263516148456,233.41738422711825,-912.3605478790389,3566.151561857115,-13939.047443140893,54483.67525943014,-212960.81255794573,832401.76932614
353.79834748638336,-1.0304329386730062,1.0617920411022874,-1.0941054931726395,1.1274023385481615,-1.1617125047770016,1.1970668301905445,-1.2334970916212233,1.2710360329638637,-1.309717394606234,1.349575943755255
259.9512327632102,1.977253419294503,3.909531084111804,7.730133703898209,15.284433297636417,30.22119799973036,59.754967080143054,118.15071297904332,233.6139012298968,461.9138850015418,913.3208085389064
216.12819932786908,-2.6389515320691967,6.964065188610361,-18.37783049891307,48.49820395121466,-127.9844096196623,337.74465384677944,-891.2917717171392,2352.075786493613,-6207.0140003101815,16380.009105693507
259.4629892704351,-0.8711296784498395,0.7588669166761207,-0.6610714931102901,0.5758789972255223,-0.5016652856790852,0.4370155190030684,-0.3806971885467327,0.3316366194454731,-0.2888985016597268,0.2516680588554782
291.97734461292606,-0.8878420277954108,0.788263466319867,-0.6998534343744701,0.6213592923346121,-0.5516688940958834,0.48979482960574083,-0.4348604347208686,0.3860873701705698,-0.3427845936384361,0.304338568712975
249.66843360672573,1.3409525025276898,1.798153614035274,2.4112385886698102,3.2333564196681173,4.335777382517933,5.814071531490379,7.796393770027022,10.454593736609025,14.019113634016184,18.79896551075406
305.9186462204515,0.1490356770515599,0.02221163303421686,0.0033103257676753033,0.0004933566420467136,7.352774117531604e-05,1.0958256688135085e-05,1.633171204820997e-06,2.434007762516091e-07,3.6275399483533804e-08,5.406328722344267e-09
317.54394157746935,0.17025429661385888,0.02898652551547984,0.004935080512917693,0.0008402186614595638,0.00014305083720863606,2.4355019668979962e-05,4.146546742758882e-06,7.05967399064901e-07,1.2019398296011014e-07,2.0463542026091692e-08
307.3250503968247,0.47627683250556907,0.2268396211815379,0.10803845626310606,0.05145621373778361,0.02450740249176113,0.011672308031715081,0.005559249897374573,0.0026477419322284714,0.0012610581407739513,0.0006006127768931796
294.6387395315612,-1.6083156446641653,2.5866792128715095,-4.1601966457888375,6.690909350301573,-10.761094185119767,17.307236131632695,-27.835498636401777,44.76826793395302,-72.00150570269373,115.80114806101844
301.0374711120968,0.02176843790804491,0.00047386488895640675,1.0315298412050137e-05,2.2454793298566768e-07,4.888057736578337e-09,1.0640538132964408e-10,2.3162789365561983e-12,5.0421774208135905e-14,1.0976032610632669e-15,2.3893108436123333e-17
299.36216808544555,-0.9404724845764176,0.8844884942453402,-0.8318370917621695,0.7823198964523891,-0.7357503367501441,0.6919529472313439,-0.6507627074926369,0.6120244203852767,-0.575592127261183,0.5413285580279504
314.78330269076133,1.1450461745433644,1.311130741836393,1.5013052402659655,1.7190638221884502,1.9684074533927793,2.253917424450048,2.58083952460316,2.9551804247571636,3.383818040453625,3.874627902572247
274.2447560674713,0.8811522171457641,0.7764292297808958,0.6841523372782142,0.602842348858155,0.5311958722857235,0.4680644206032434,0.4124360019815954,0.3634188975768175,0.3202273673524821,0.28216905473339066
326.7311332267597,-1.6310115209744407,2.6601985815513585,-4.338814534590131,7.076656493287859,-11.542108270531083,18.825311565570573,-30.70430004937899,50.07906712399322,-81.6795354388853,133.220263328662
252.72450058936505,2.142493475832577,4.590278293985157,9.83464129711909,21.07065481623128,45.143740475295786,96.72016944300024,207.2223320130494,443.97249438477047,951.2081726684861,2037.9573041008587
330.9723892903374,-0.6908510932733054,0.4772752330769213,-0.32972611656346273,0.22779164810862956,-0.15737010913437482,0.10871931194402222,-0.07510885551644929,0.051889034948045726,-0.03584759652275414,0.02476535124896504
250.7760137817238,-3.0581890057074155,9.352519994629711,-28.60177382323536,87.46963024994852,-267.49866156368535,818.0614658355113,-2501.786580811053,7650.936216062709,-23398.009019331672,71555.53393836306
341.72373285116817,-1.6438876006181353,2.70236644346605,-4.442386688740369,7.302784394771348,-12.004956716552233,19.73479949229762,-32.44179218607313,53.33065991651592,-87.66961056954312,144.11898576629255
278.0841751188694,1.5389590953243424,2.3683950970815184,3.6448631759751815,5.609295335879775,8.632476075512592,13.285027571579887,20.44511401291753,31.464194165122596,48.42210778746652,74.51964319429727
302.83762481127775,-0.4349768434604508,0.18920485434681752,-0.08229973031117303,0.03579847690840043,-0.015571508486307856,0.006773245609291813,-0.0029462049951121108,0.0012815309489612788,-0.0005574362869760531,0.00024247187653915757
346.5008119087276,-0.6616039608786901,0.43771980105037134,-0.2895971541299579,0.19159862423157664,-0.12676240869051889,0.08386651168017058,-0.05548641631267978,0.03671003280743291,-0.024287503109384274,0.016068708257022137
216.82514888693436,3.683857211341044,13.570803953549413,49.99290400797855,184.16671994567238,678.4438993608917,2499.2904511509582,9207.029151708268,33917.38073554772,124946.78761244727,460286.12458001164
282.97582919715296,-0.303297466255567,0.09198935303704682,-0.02790013769862515,0.008462041072174435,-0.002566515616541048,0.0007784176836022443,-0.00023609211112508833,7.160613910716706e-05,-2.171796055954744e-05,6.587002409949075e-06
267.1200531467302,0.8956319531851097,0.8021565955661745,0.718437078447251,0.6434552038103153,0.5762990409757555,0.5161518356878214,0.4622820767371633,0.41403459931057435,0.37082261686674395,0.3321205846295755
235.10670749152504,2.250948572569074,5.0667694763507525,11.40503752032828,25.672152926479676,57.786695984634406,130.07488084009586,292.79186735410616,659.059435880559,1483.5088964335234,3339.302232820562
253.89454347825767,-0.09813459811939096,0.009630399348054371,-0.0009450753697505604,9.274459160300606e-05,-9.101453224708041e-06,8.931674545091586e-07,-8.765062920157568e-08,8.601559271608384e-09,-8.441105623194099e-10,8.28364508015484e-11
310.7014738559597,-1.3494405308946105,1.8209897464211282,-2.4573173701641693,3.3160036565708846,-4.474749734771484,6.038408657710549,-8.148473384819535,10.995880250391478,-14.838286482741838,20.023385188837466
313.17309143022453,2.5152944777557082,6.326706309828361,15.913529443493472,40.027212730822,100.68022714178956,253.24041934893364,636.9742283329126,1602.1777589984786,4029.9488695918894,10136.508137322338
334.1281244952565,-0.6420071692953305,0.4121732054266032,-0.26461815287531626,0.16988675127164082,-0.10906851228468603,0.07002276683114426,-0.04495511831948989,0.028861508257632357,-0.018529295218076357,0.011895940371994707
277.929493910314,-0.098483530737866,0.009699005826596198,-0.0009551923384503281,9.4070714024347e-05,-9.26441605614978e-06,9.123924034342063e-07,-8.985562530860809e-08,8.849299237050475e-09,-8.715102334206346e-10,8.582940486144585e-11
272.0116195427077,0.5158361536912357,0.26608693745496814,0.13725726236425118,0.07080225828416413,0.03652236458595665,0.01883955607172888,0.009718124141290991,0.005012959778137488,0.002585865890563312,0.0013338831149495407
289.1542415291727,0.3401818120886592,0.11572366527592386,0.03936708615510522,0.013391966704894063,0.004555703501101853,0.0015497674723434776,0.0005272027070578652,0.00017934477222499116,6.100982960412534e-05,2.0754434389951684e-05
244.53179869582436,-1.7684800876975677,3.1275218205827966,-5.530960063540321,9.781392738221532,-17.298198287494365,30.591519224477953,-54.1004926009066,95.67564389933291,-169.20047111361353,299.227663993473
236.0185681558451,4.566448596065001,20.85245278050402,95.22165372404432,434.82478696314985,1985.6050379621388,9067.163337941802,41404.73529483639,189072.59535754865,863390.2876248441,3942627.366780627
318.27132674860593,0.47622300138606116,0.2267883470491484,0.10800182731112912,0.05143295435728498,0.024493555894178547,0.011664394702542956,0.005554853054596679,0.0026453487939185603,0.0012597759423528937,0.0005999342803412487
278.65763183734754,-0.2428098473892994,0.058956621989214864,-0.014315248387789874,0.0034758832763791734,-0.000843978687880645,0.00020492633640412057,-4.9758132468332744e-05,1.2081764551012417e-05,-2.933571406824772e-06,7.123000255967353e-07
287.4679856933138,0.8963528771462269,0.803448480368319,0.7201733570169065,0.645529460606161,0.5786221892969844,0.5186496641570006,0.4648931186980519,0.4167082845104812,0.3735176697516383,0.3348036379468352
329.2470628257434,1.4431031738377578,2.0825467703406098,3.005329853944106,4.337001050656104,6.258739981139514,9.0320075310077,13.034118734123744,18.809578113392153,27.14416187398544,39.171826151514246
266.9947342700658,-1.3972672669468336,1.9523558152810738,-2.7279628741255433,3.8116932294618264,-5.325954181169876,7.441781442607294,-10.398157617527557,14.52900527552513,-20.30090349278912,28.365787939920885
231.94572863584895,4.311640612497828,18.590244771340647,80.15445435238773,345.59720065835825,1490.0909259241387,6424.736552529009,27701.15504448336,119437.42510289354,514971.25272580335,2220370.9675214565
251.45566661043438,-0.7915365486328586,0.6265301078216178,-0.4959214791596961,0.39253997600696794,-0.31070973780898054,0.24593811349194086,-0.19466900553068714,0.15408763276355097,-0.12196599302466853,0.09654054116932542
298.01306009772185,0.26622655587535554,0.07087657905325381,0.018869227533575127,0.005023489458292136,0.001337386296957271,0.0003560477477138297,9.478936560103038e-05,2.523544633757222e-05,6.718345964429207e-06,1.7886021072890818e-06
267.8999563077502,-2.0917057049702232,4.375232756204978,-9.151699316726548,19.142661670969012,-40.040814625480714,83.75360038377316,-175.18788373453458,366.4414958491862,-766.4877674055651,1603.26683587211
293.227027458539,-0.34207053511414803,0.11701225099327958,-0.04002644331218214,0.013691866882514258,-0.004683584231213334,0.001602116164223331,-0.0005480367336109011,0.00018746721872849072,-6.412701182681586e-05,2.1935961250870198e-05
310.2638980040074,-1.2250944756523066,1.5008564742738,-1.8386909753798304,2.2525701563695817,-2.7596112545876266,3.380784502943232,-4.141780417926683,5.074072309366881,-6.216217955265707,7.615454276446695
272.5026933373766,0.3903375193409357,0.15236337900523533,0.059473143399306365,0.02321459926189299,0.009061529088381226,0.0035370547857944586,0.0013806451908599936,0.0005389176188902825,0.00021035976648675668,8.21113094195791e-05
292.39487892608645,-1.3521171675888544,1.828220834888506,-2.4719687769963774,3.342391421120426,-4.519304821298636,6.110629634444966,-8.262287233510245,11.171580411979422,-15.105285664136742,20.4241160678131
231.8263426025124,6.334300237715682,40.12335950152494,254.15340562846117,1609.8839776886118,10197.48846256764,64593.95359254513,409157.4955962543,2591726.421618507,16416773.288552118,103988770.94420014
340.39935321458984,1.0923306545167397,1.193186258796969,1.303353927032073,1.4236934481819075,1.555143996083737,1.6987314591099265,1.8555764465777225,2.0269030343960894,2.2140483182038464,2.4184728485552944
308.33951159261494,0.9230102737932142,0.8519479655278243,0.7863567249194089,0.7258153359669989,0.6699350119742133,0.6183568988259789,0.5707497704872896,0.5268079019248874,0.48624910579211905,0.44881292026888936
281.90630764025076,0.0882171463262411,0.007782264905945434,0.0006865292019573592,6.0563647066309885e-05,5.342752115299482e-06,4.7132234514020857e-07,4.157871228806089e-08,3.6679553459725465e-09,3.235765534737784e-10,2.8545000165537087e-11
376.5286601943517,-0.4167929212983749,0.17371633924443336,-0.0724037405109469,0.030177366520487053,-0.012577712749165575,0.005242301639976534,-0.0021849542148530813,0.0009106734501118129,-0.0003795622476209724,0.00015819885800052224
267.6326554946481,0.8928495784812636,0.7971803697941701,0.7117621571442625,0.6354965419851697,0.5674028196377593,0.5066053683426538,0.45232238958108373,0.4038558548751085,0.360582529792431,0.32194595973287965
275.80230112556103,0.7940815211229386,0.63056546218892,0.5007203813825665,0.3976128021055263,0.3157369787139103,0.2507209003319028,0.19909283391287005,0.15809594039820843,0.1255410648347708,0.09968983972738825
220.98622986703458,-0.9541163914895141,0.9103380885089717,-0.8685684920436421,0.8287154353901685,-0.7906909807861291,0.7544112253709663,-0.7197961160501288,0.6867692728539165,-0.6552578204012564,0.6251922270965308
312.74022247496026,-1.7582763412049276,3.091535692040987,-5.43577406530627,9.557592935163344,-16.80488953676507,29.547639689056258,-51.95291580371534,91.34758271428427,-160.61429351278625,282.4043123428761
274.58297720200636,-2.187554566955036,4.785394983405834,-10.46831265063315,22.900005147205725,-50.09501084306371,109.58556975140606,-239.72441358205793,524.4102357420487,-1147.1760061554855,2509.5101113666706
303.0185172365774,0.7485901454782486,0.5603872059071455,0.4195003399941793,0.3140338205444175,0.23508262340643568,0.17598053525523202,0.1317372944880542,0.09861724044572338,0.0738238943719275,0.05526383982765207
307.1009135700664,0.1474294739424393,0.02173544978694439,0.0032044459279915154,0.0004724297774407809,6.9650073562838e-05,1.0268473705421405e-05,1.513875676582048e-06,2.2318989461274571e-07,3.290476875202557e-08,4.851132747308745e-09
260.8865170080643,2.946539825254582,8.682096941811302,25.582144405768016,75.37880730700918,222.10665771029363,654.4461123975678,1928.35153366247,5681.96459102722,16742.134953148066,49331.36739923753
325.74831943216486,-0.09011297416579367,0.008120348113004997,-0.0007317487197244707,6.594005347638381e-05,-5.942054335408428e-06,5.35456188818402e-07,-4.825154970990699e-08,4.348090652468358e-09,-3.9181938063641004e-10,3.53080097249461e-11
335.7069124139137,-1.2737431513309327,1.6224216155624553,-2.066548421393945,2.632251898644288,-3.352812828476006,4.270622377965807,-5.439676005854568,6.928750057916458,-8.825447933554893,11.241353862793277
262.27119603743824,3.9713772200654978,15.771837024055161,62.63591427591828,248.75084311335715,987.8834318124731,3923.257757180183,15580.736485310636,61876.98194960602,245736.83656106936,975913.6748495892
328.8458552669434,-0.5680010943585947,0.3226252431925612,-0.1832514912010825,0.10408704754505925,-0.059121556914148735,0.03358110902742042,-0.019074106677350083,0.010834113466647425,-0.006153788305460926,0.0034953584919529277
297.4767546401862,-1.1246926343514236,1.2649335217643451,-1.4226614148725651,1.6000568144831488,-1.7995721137929999,2.023965501367209,-2.276339091569086,2.560181809573962,-2.8794176238283344,3.2384597927414056
278.4306372038741,-1.383582286205474,1.9142999427015663,-2.6485914912060413,3.6645442706272204,-5.070198539855581,7.015036887289042,-9.705880774331105,13.428884711386786,-18.579967010170268,25.706913233553667
318.2167847490889,1.3207016792824273,1.7442529256594235,2.3036377680116873,3.0424182686714585,4.01812691651393,5.306746966209869,7.008629629800301,9.256308921545834,12.224822736642498,16.145343917213744
292.66921931714154,-0.6392989545824808,0.4087031533302528,-0.26128349865859396,0.16703826754209214,-0.10678738981492823,0.06826906667127547,-0.043644342953268085,0.027901782823463547,-0.017837580590027664,0.011403546623485437
281.35871815220537,1.2993448394155518,1.688297011715826,2.193680009573656,2.8503467997685883,3.703583404823948,4.812231984403075,6.252748795004596,8.124476878951032,10.556497105615993,13.716530036487349
287.9378096993222,-0.6509137662423813,0.42368873108384136,-0.2757848276642387,0.17951214084743566,-0.11684692368523716,0.07605727116979383,-0.049506724827248584,0.032224608711629577,-0.02097544142217386,0.013653203574703638
335.1158804105391,2.2855201936390457,5.223602555531861,11.938649124212592,27.28602365815899,62.362758074835114,142.5313429110621,325.7582624497239,744.5270870736119,1701.6316922179963,3889.113594700412
299.95669475338445,0.5598449159082316,0.3134263298682949,0.17547013728854122,0.09823606425470921,0.05499696113183332,0.030789769080059506,0.017237495681459783,0.009650324320255357,0.0054026850075605225,0.0030246657337363848
232.2795361894098,-4.043778289192781,16.352142852146898,-66.12444024729055,267.39257585701887,-1081.2762929419468,4372.441598017498,-17681.184404826552,71498.7896234516,-289125.2531828757,1169158.4216782788
277.7783578986642,2.117125409454205,4.4822199993566345,9.489421851401742,20.09029612263259,42.53367640468475,90.04912707386086,190.6452950272414,403.6199982950661,854.5141541543474,1809.1136284984361
328.1366604817296,2.259869225391836,5.107008915873097,11.541172282783336,26.081540066807303,58.940869747801955,133.1986576608863,301.0115473113395,680.2467322564747,1537.2686558997673,3474.0261266273556
284.8100457846306,-0.1099344841622395,0.012085590808017688,-0.0013286231912753277,0.0001460615051788416,-1.6057196227796225e-05,1.765239584394636e-06,-1.9406070313319033e-07,2.1333963295108776e-08,-2.3453382499839344e-09,2.5783355069795336e-10
279.4241897174024,0.6714068801410124,0.45078719870068773,0.30266162668713537,0.2032090985124133,0.13643598684848707,0.09160406026890289,0.061503596313393354,0.0412939377182277,0.027725033892132534,0.018614778507320535
245.80604301256068,-2.6045638714859143,6.783752960649694,-17.6687178743938,46.01930423112349,-119.86021719130312,312.183591324923,-813.1021032356178,2117.7763619167004,-5515.883800135116,14366.471665146355
299.7284617249035,2.4132864925595094,5.823951695170179,14.05486395927325,33.9184133476756,81.85484878099571,197.53920091367817,476.71868531597863,1150.4587640237785,2776.386595465293,6700.216268959674
325.2467970372016,1.2214000493811776,1.4918180806283432,1.822106677347192,2.225521185689634,2.7182516861001758,3.320072743633224,4.055137013022722,4.952944547953393,6.049526715452509,7.388892228986448
369.6835023436149,0.5151173635876498,0.265345898269491,0.13668427955537693,0.07040844572844307,0.03626861293793972,0.018682592277572435,0.009623727679006098,0.004957349229895114,0.002553616665686837,0.0013154122844420886
289.9985085354256,1.468544552732122,2.156623103359188,3.1670971107343795,4.651023209942615,6.830234799591896,10.030504108822054,14.730242170167795,21.632016899424904,31.76758058225965,46.65210741755614
273.34224263044797,-0.6505336646070333,0.42319404878705613,-0.27530197539733126,0.17909320292878123,-0.11650615760747113,0.07579117765767279,-0.04930471254652859,0.03207437533528962,-0.020865460926847396,0.013573684760456903
288.1688849395203,-1.1641343312607642,1.3552087412199465,-1.5776450216788245,1.836590732278952,-2.138038323921275,2.4889638144279784,-2.8974882256413554,3.3730655178929374,-3.926701370971038,4.571207874556095
316.1252340891492,1.9020746356689338,3.6178879196551073,6.881492846669024,13.089112999186359,24.896469839156897,47.354943798756956,90.07263747314347,171.3248791054693,325.8727070055597,619.8342104520491
260.60530212157516,0.11862316036719388,0.014071454175500996,0.0016692003652600746,0.00019800582261322443,2.3488076449486664e-05,2.7862298593843663e-06,3.305113914296158e-07,3.92063057887397e-08,4.6507758989829106e-09,5.516897352969301e-10
292.12130074103493,0.8722382435263488,0.7607995534699302,0.6635984661942425,0.5788159605600451,0.5048654167639102,0.44036292433535107,0.38410138363639307,0.33502791619904776,0.2922241611577502,0.2548890890441967
223.24814076482087,-2.191060796525863,4.800747414072548,-10.518729452997274,23.047175733724263,-50.49776322080542,110.64366930535233,-242.42700619872946,531.1723093011684,-1163.8308231099002,2550.0240903045283
256.2798575178227,-0.06693080820565564,0.004479733087062261,-0.0002998321560626938,2.006800853132037e-05,-1.3431680300792647e-06,8.989932180920357e-08,-6.017034265830319e-09,4.027249664131471e-10,-2.6954707486627457e-11,1.8041003570270126e-12
262.35463717125987,-0.705950050114592,0.498365473256795,-0.35182113082101674,0.2483681449344692,-0.1753355043633568,0.12377810809217898,-0.08738116161076315,0.0616867354181895,-0.04354775395987646,0.030742539090352707
295.1754828158396,1.2659709273173947,1.6026823888128643,2.0289493099606792,2.5685908394109087,3.2517613268679937,4.116635302389915,5.211540611194085,6.597658900305638,8.35244435614379,10.573951726914293
256.53113567360884,-1.4279515111825267,2.0390455182884617,-2.9116581292099672,4.157706625652262,-5.93700345915375,8.477753061394488,-12.10582029545055,17.286524384992713,-24.684318618643946,35.2480100740036
213.66877581430694,-3.5195835967810636,12.387468694730329,-43.5987316236118,153.44938066292391,-540.0779231174403,1900.8493991877274,-6690.198365332265,23546.712425834925,-82874.62281208945,291684.16303884774
298.2078419923808,0.5576845509173127,0.31101205833184475,0.17344662008066392,0.09672850042781081,0.053943990321988766,0.03008373001740617,0.01677723146467484,0.009356402795012996,0.005217921290938313,0.0029099540918588176
269.4070482386537,0.6573847836610638,0.4321547537891036,0.28409195932775017,0.1867577312225208,0.12277169073674793,0.08070824135468006,0.05305636978261127,0.034878450171383316,0.022928562420348013,0.015072888046359676
339.33036128833095,-0.2674960843327004,0.07155415513332716,-0.01914045631589961,0.00511999711684425,-0.0013695791805505523,0.0003663570679808612,-9.79990811524893e-05,2.6214370476493426e-05,-7.012241455708737e-06,1.875747131797522e-06
289.16475886890476,-0.8588532838565348,0.7376289631911536,-0.6335150573044133,0.5440964873384562,-0.4672990548854386,0.401341327831414,-0.344693317355352,0.2960409875340468,-0.25425577429974755,0.21836840669682414
301.91857645487545,-0.6379884973086584,0.40702932269816,-0.25968002594876005,0.16567286953612284,-0.10569738508016442,0.0674337158767487,-0.04302193506014593,0.027447499700333184,-0.01751118908869542,0.011171937212784564
279.0323114513716,-0.6978812787382229,0.4870382792132972,-0.3398948970918395,0.23720628541904965,-0.16554182579299023,0.11552854106907216,-0.08062520597204538,0.05626682184230364,-0.039267561577842634,0.02740409608687673
254.99588976588353,2.5253293959562635,6.377288558080827,16.104754262217046,40.669809353028626,102.70466508714019,259.36310984639806,654.9772855217424,1654.033392811695,4176.979148760646,10548.248230661631
320.3830024206545,-0.9049250827582463,0.818889405405019,-0.741033562955988,0.6705798582845856,-0.6068245337541917,0.5491307414272462,-0.49692218163114793,0.44967734633697487,-0.4069243098484956,0.36823601476599216
352.07896500431775,-0.7994822239668894,0.6391718264390435,-0.5110065132984651,0.40854062371342276,-0.3266209664272273,0.26112765663345444,-0.2087669196645764,0.16690544122415246,-0.13343793334206036,0.10668125570985595
308.981687672919,-0.13386116199605116,0.017918810690933054,-0.002398632820675563,0.00032108377657749665,-4.298064743074418e-05,5.753439408422007e-06,-7.70162084685243e-07,1.0309479158126779e-07,-1.380038859680922e-08,1.8473360535659363e-09
333.27046909893414,-1.5952549131692373,2.5448382379905907,-4.059665702375435,6.476201657539055,-10.331192512863936,16.48088561504343,-26.29121375077824,41.941187909111605,-66.9068860761645,106.73353873785584
299.45966197068697,-1.5393190812163673,2.369503233796801,-3.647421540787303,5.614545574973498,-8.642577135915626,13.303683896199225,-20.47861447189037,31.52312201345449,-48.5241432148222,74.69413955025153
340.65239679577036,1.8000070342078007,3.2400253231975626,5.832068372767016,10.49776409496147,18.896049214384735,34.01302150462931,61.223677962993946,110.20305099346223,198.36626697939298,357.06067591244994
271.8000382684408,-1.2191953425451592,1.486437283283808,-1.812257412765098,2.2094957971361477,-2.693806985241495,3.2842769301220467,-4.004175136833313,4.8818716775623,-5.951955212187079,7.256596073735872
312.000908341498,0.15144256898075342,0.02293485169949026,0.003473312860563403,0.0005260074224776112,7.965991536295395e-05,1.2063902227355132e-05,1.8269883452432943e-06,2.766838085015402e-07,4.1901706754852065e-08,6.345702115632986e-09
314.77886782245895,0.9350568467567972,0.8743313066667646,0.8175494746325752,0.7644552338176119,0.7148091004202264,0.6683871434719997,0.6249799747877111,0.5843918045111397,0.546439557996701,0.5109520500435732
232.70079912222417,-3.2230831155533566,10.388264769765131,-33.482240779327775,107.91604492674341,-347.8223823006841,1121.0604476048798,-3613.271000189976,11645.872752630901,-37535.61583488755,120980.40962932327
229.57476670228002,3.4611356487963163,11.979459979368697,41.46253598792178,143.50746139729628,496.69879051044336,1719.141890549709,5950.183282720693,20594.39147669648,71279.9825052612,246709.6884945373
301.60628743229495,-1.8383588110065738,3.3795631180055037,-6.212849635338268,11.421446868583082,-20.996717485303154,38.599500591322844,-70.95973201251181,130.44944857186633,-239.81289317303936,440.86214515763515
275.58199058603014,0.9247781468113004,0.8552146208197432,0.7908837921676111,0.731392047663857,0.6763753824311041,0.625497172713421,0.5784461162176254,0.5349343273859297,0.49469557594570956,0.45748365795882223
279.76974674017754,-2.4709468629609512,6.105578399576566,-15.08655979299586,37.27808759337594,-92.11217359603583,227.60428638763932,-562.3980974460032,1389.655814619409,-3433.7656757292743,8484.652524586241
213.58877326890826,-2.290110630709988,5.244606700890899,-12.010729559603087,27.505899447029726,-62.99155273088276,144.2576245539234,-330.36591955191017,756.5745043901102,-1732.6393154279317,3967.935715447583
321.6954428969616,0.9407907742088544,0.8850872808364956,0.8326819481805764,0.7833794946985416,0.7369962013167821,0.6933592268258002,0.6523059638102973,0.6136834327141425,0.5773477117822855,0.5431634007553668
296.9615280191907,3.092974732835425,9.566492697958369,29.588920196639833,91.5177825400908,283.06218900162787,875.5041984031207,2707.912364152185,8375.504521055349,25905.22385837306,80124.20284239331
263.62729272316517,-1.9512691395258928,3.807451254866118,-7.4293621338693905,14.496685058181576,-28.28693417945583,55.19542171617235,-107.70112303788439,210.15387767610497,-410.0667760610831,800.1506452728665
239.19999680433128,2.5434025116333134,6.468896336182647,16.453007188942482,41.846619808277275,106.43279792373679,270.70144555939305,688.5027365385289,1751.139589378504,4453.852829845816,11327.940473874989
272.15494558175163,2.703257958722678,7.307603591397499,19.754337567635716,53.401070249005635,144.3568681549333,390.2338527361037,1054.9027681718858,2851.6743037392343,7708.8112572680375,20838.905383500794
242.05138009278588,-2.1804539545218953,4.754379447790171,-10.366705468231704,22.604123933569575,-49.2872514194548,107.46858226506511,-234.33029518672285,510.9464188041729,-1114.0951394303593,2429.233152484549
290.69789587418006,-1.8602778105383524,3.460633532381366,-6.437739770694012,11.975984445442332,-22.278658123208825,41.444493355175396,-77.09827135763697,143.42420343747668,-266.80886314887636,496.3386077708186
291.1838049448448,1.5059058739849762,2.267752501302455,3.4150218124554894,5.142701407163542,7.74442425719838,11.662373979546777,17.562437480409034,26.44737776324187,39.827261525165575,59.97610707548268
299.3093902457813,-0.1942407195463737,0.037729457129893,-0.0073285969010044765,0.001423511935316434,-0.0002765039825987151,5.3708332537412416e-05,-1.0432345157702903e-05,2.0263862299883393e-06,-3.9360671939179853e-07,7.645445239295055e-08
278.8292799732773,-0.4253153312708188,0.1808931310140063,-0.07693662194183772,0.03272232484805045,-0.013917306432699924,0.005919243795821265,-0.00251754513589246,0.00107075054346134,-0.0004554066221006691,0.00019369141834167067
254.11879287044695,-1.3609950019829904,1.85230739542268,-2.5209811073063983,3.431042687137553,-4.669631948784498,6.355345743395794,-8.649593792635548,11.772053920960078,-16.02170654950093,21.805462537108912
280.8766867577602,-1.7423135636624238,3.0356565541220553,-5.289065588867591,9.21521071458419,-16.05578662002733,27.97421480334328,-48.73985388467116,84.92010851418725,-147.9574568919533,257.7882839878487
291.1041632574449,3.363810740498264,11.31522269789148,38.0622676422971,128.03426470287852,430.68303475934056,1448.736218073857,4873.274450505675,16392.772938006765,55142.18567541644,185487.87642951534
268.2912590234803,-1.5014357841824557,2.2543094140235858,-3.384700822834395,5.0819109341553625,-7.630162928568953,11.456199660095828,-17.20074812040676,25.82581874268783,-38.77580841608146,58.219386316507936
216.23570847289415,5.301096695808113,28.10162617830769,148.96943768066166,789.7013938653481,4186.283449694658,22191.893362892537,117641.37257975563,623628.2914728737,3305913.875339309,17524969.121187404
242.28389449970516,3.4439660217191084,11.860901958755742,40.84854333289639,140.6809952752158,484.50056762946963,1668.6034924195144,5746.613731614645,19791.14243162529,68160.0220655208,234740.80003327827
334.6163317556984,1.0166091862505955,1.0334942375690979,1.0506597358498002,1.0681103390885311,1.0858507826466393,1.1038858805359721,1.1222205267251966,1.1408596964678168,1.1598084476522486,1.1790719221743189
158.65362256967583,-1.8712777028995506,3.501680241369019,-6.552616158357762,12.26176451279419,-22.94516653099674,42.936778518771234,-80.346636276513,150.35086896721896,-281.34822870992883,526.480667135173
250.48130039159662,-2.1485203887529223,4.616139860887008,-9.917870608450816,21.30874721526993,-45.7822778507895,98.36415740597255,-211.33739770923378,454.06270788427395,-975.5629856617248,2096.0169652068907
273.907990775883,3.52345533387162,12.414737489788369,43.74277302701079,154.1257069403568,543.0550442057344,1913.430192092583,6741.88581631961,23754.73353986475,83698.74259573552,294908.78103729204
305.1709973037803,0.20832558282607577,0.043399548459824154,0.009041236227281386,0.0018835208065166253,0.00039238556978261625,8.174395251750536e-05,1.702935655071637e-05,3.5476506285810387e-06,7.39066384862439e-07,1.5396643537362844e-07
219.82918939318358,-2.4447992318028184,5.977043283823651,-14.612670828744257,35.72504641670142,-87.34056603567166,213.5301487492334,-522.0383436288673,1276.2789414754707,-3120.245775685345,7628.37447543152
308.39811674181544,3.348325827416743,11.211285846546017,37.53903795854181,125.69293033296304,420.86088495755354,1409.1793708528432,4718.391682889452,15798.712735687102,52899.23789283896,177123.88448725513
299.06591070368415,2.560886470744665,6.558139516043066,16.794650759890654,43.00919391188558,110.14166280658159,282.0602941466957,722.3243912145336,1849.7907609501758,4737.104133425783,12131.18588579872
275.44106641279285,0.43188701603329144,0.18652639461814052,0.08055832798307691,0.034792095889242286,0.015026254475148996,0.006489644207428992,0.002802793071864242,0.00121048993636623,0.00052279488655554,0.00022578832355193523
296.0354183733637,-0.08854270710568722,0.007839810981603515,-0.0006941580875080702,6.146263622727106e-05,-5.442068197414662e-06,4.818554504528617e-07,-4.266478601672671e-08,3.777655652005853e-09,-3.344838579416981e-10,2.9616106265312066e-11
246.16797287844966,-2.769771623542139,7.671634846579256,-21.24867650423227,58.853981219249114,-163.01208711355818,451.5062531815126,-1250.569207913986,3463.7911053557277,-9593.910313491953,26572.940545118276
264.20830918771196,0.7353087462331259,0.5406789522869315,0.3975659625207438,0.29233372944609404,0.21495554808066125,0.15805869455504543,0.11622194052451507,0.0854590093718621,0.06283875703554888,0.046205887650657466
263.8556972449924,-3.0580101114034086,9.351425841445488,-28.59675477917943,87.44916526805444,-267.42043162349825,817.7743839005216,-2500.7623348144875,7647.3565060795,-23385.693521097754,71513.68724969811
330.60085222141294,-0.20703177669756886,0.04286215656255202,-0.008873828426234505,0.001837164465192721,-0.000380351423314488,7.874483093824756e-05,-1.630268225489508e-05,3.375173272166857e-06,-6.987681191988515e-07,1.4466720521735682e-07
258.1640514752616,-3.2126269585092833,10.320971974540608,-33.157432803427945,106.52246249925265,-342.21693471189326,1099.4153501138396,-3532.011392374643,11347.035016904689,-36453.79059445684,117112.4304036042
301.4385885702278,1.0521073556805838,1.1069298878771905,1.164609077258276,1.2252937766758094,1.2891405953102615,1.3563143028323728,1.4269882546247223,1.5013448391604682,1.5795759486938115,1.6618834744768956
350.3687793304052,-0.8185504544701805,0.670024846513339,-0.5484491426198066,0.4489332949452235,-0.3674745526042083,0.30079646204040095,-0.24621708070619258,0.20154110331037506,-0.1649715617091291,0.13503754681166305
305.9369525553599,-1.9681386679939685,3.8735698164530725,-7.623722538935592,15.00454312293629,-29.531021515833892,58.121145350674546,-114.39047359276043,225.13631432805474,-443.0994857986891,872.0812317686443
249.348761931937,3.4434153272409875,11.857109115878158,40.82895126638368,140.5910365858409,484.113330252383,1667.0032615127336,5740.184581253663,19765.839568281255,68061.99492520605,234365.71652805284
248.20223790627028,-1.2465213326519777,1.5538154327564626,-1.9368640839347953,2.414342399072153,-3.0095293047695932,3.751442479636573,-4.676253079083821,5.829049219957479,-7.266034201755367,9.05726663626695
294.3948720939091,2.6841499767840205,7.204661097869658,19.338390918583578,51.90714153515642,139.32655274651498,373.97336331995575,1003.8005944731012,2694.3513423507607,7232.043093018789,19411.888300227416
278.1891373674588,0.5260089507990142,0.2766854163206798,0.1455390055402292,0.07655481960454788,0.040268520338796035,0.021181602133638868,0.011141712314557541,0.005860640404684868,0.003082749310278598,0.00162155373027603
262.6256613463914,-3.6406837823423066,13.254578403010283,-48.25572863362413,175.68384864154663,-639.6093385687593,2328.615345961972,-8477.75212535717,30864.81467350587,-112369.03022683368,409100.1059843658
265.8336059079983,0.83315771511166,0.6941517782500821,0.578337909507534,0.4818466912477511,0.4014542883140898,0.3344747375735447,0.2786702081193466,0.23217623386640557,0.1934394205113649,0.16116554560577237
311.52611009043335,-0.5210233545920608,0.2714653360303644,-0.14143978003400148,0.07369342866607864,-0.038395997414991036,0.020005211376066725,-0.010423182340481542,0.005430721428562421,-0.0028295326965645817,0.001474252617491998
318.3416592884798,1.3395502125684318,1.7943947719921307,2.4036818982537413,3.219852597752691,4.313154231758634,5.777686667992709,7.739501404263428,10.36745075125475,13.88772085763605,18.603299426937415
242.66426355233224,-1.029344337086855,1.0595497642927767,-1.0906415497364816,1.122645703012879,-1.1555889969511979,1.1894989900115944,-1.224404049338968,1.260333374493281,-1.297317021876225,1.3353859298746757
336.3007006120533,2.7474642491038668,7.548559800103875,20.739398183008028,56.98075505574425,156.55258740260172,430.1226369933566,1181.7465678695276,3246.806446722723,8920.48463613064,24508.712622449253
216.1319785236543,-3.3265784212594913,11.06612399278929,-36.812329281394774,122.45910022378678,-407.3698002913024,1355.1475871218352,-4508.004720941363,14996.231227619453,-49886.1392020166,165950.1541893756
320.5376831958862,1.7165823741902733,2.946655047380715,5.058176117152541,8.682775968254246,14.904700186148123,25.585145632132352,43.91901003320965,75.39059851489345,129.4141725903215,222.15008763896387
315.933872247105,-0.5422400541074914,0.29402427627849526,-0.15943173947816727,0.0864502750410929,-0.046876801815889726,0.0254184795530342,-0.013782917728167428,0.007473650054680609,-0.00405251241003047,0.0021974345484862025
309.40508940870563,-1.9513400743892226,3.807728085917337,-7.430172406427869,14.498793176283707,-28.2920761551634,55.207461989242105,-107.72853298492787,210.21500356865096,-410.2009607013821,800.4415731695655
296.2148375511955,-0.2498612739850049,0.06243065623740969,-0.015599003303199077,0.003897586838233621,-0.0009738560128682398,0.00024332890405321574,-6.079846996411151e-05,1.5191183161571958e-05,-3.795688378089924e-06,9.483955337996254e-07
296.90459842434365,0.35432300784477244,0.12554479388816667,0.04448340898970722,0.015761495272422252,0.0055846604130558135,0.001978773675345565,0.0007011250404924959,0.000248424733222589,8.802259869846291e-05,3.118843192915273e-05
294.92441503887227,-0.5275051321026561,0.27826166439464073,-0.14678445603559992,0.07742955387167566,-0.040844487043728,0.021545676533666965,-0.01136545494613309,0.005995335812766723,-0.0031625704099132955,0.0016682721218652646
232.3329263932997,-3.698524823601363,13.679085870795493,-50.5924386573118,187.1173902605969,-692.0583128063216,2559.5948492938574,-9466.725088475521,35012.91773793653,-129496.14540047072,478944.70832433243
80.05001318062295,-6.056395982195593,36.67993229315492,-222.1481945674698,1345.4174330304288,-8148.380735781398,49349.82034958642,-298882.0536873095,1810148.0691021888,-10962973.492889605,66396108.61525339
333.09520443295406,0.31471552021368787,0.09904585866337218,0.03117126893425458,0.009810082118364698,0.003087385097220143,0.0009716480069716246,0.00030579270797866787,9.623771116905879e-05,3.0287501334744978e-05,9.531946738537033e-06
294.71694267069273,-0.7257135020268947,0.5266600870241397,-0.3822043361320775,0.27737084726427436,-0.20129176892832346,0.14608015455816206,-0.10601234054103384,0.07693458691210141,-0.05583246849497361,0.04051837623829356
263.87166323408354,1.1976274794668709,1.43431157957417,1.7177709618155597,2.057249707300551,2.463818781588317,2.9507370772567527,3.5338838084044464,4.232276358188203,5.068690467264166,6.070402988507339
314.1472681021317,1.3760880587757018,1.8936183455050795,2.605785593128141,3.5857904384333943,4.934363403600282,6.790118557354178,9.34380106444638,12.857893068360355,17.693593112385553,24.347942198789763
278.4030120566302,1.6010004044543071,2.563202295062855,4.103687911093839,6.570006005415487,10.518582271937422,16.84025447165772,26.96125422023746,43.16497891119557,69.10714869508574,110.64057301151622
312.8487536389463,-0.6565792041367186,0.4310962513048067,-0.28304883358803284,0.18584397788905707,-0.12202129109599902,0.0801166421955459,-0.05260292117085777,0.03453798411762834,-0.022676922124439038,0.01488919548073453
288.8926355029031,1.0852437480754356,1.1777539927368195,1.2781501573885152,1.3871044674075201,1.505346451181518,1.6336678248322862,1.7729277933312344,1.9240588035019,2.08807278742994,2.2660679380847903
320.5973131778583,0.8514608233839086,0.7249855337576036,0.6172967795146717,0.5256040241577974,0.44753123518329396,0.38105531399918513,0.32445367141256,0.2762595902108705,0.23522421814864894,0.20028420646468476
300.88169320597615,-1.7109820946985186,2.9274597283789303,-5.0088311782073385,8.570020461280441,-14.663151560450773,25.088389771781916,-42.92578568433631,73.44525070676542,-125.66350889991936,215.00801368474995
262.4999904017299,-1.5978359906314425,2.5530798529571634,-4.079402876010986,6.518216735575771,-10.41504129483916,16.641527824806712,-26.590432097570744,42.48714941194006,-67.88749646973335,108.47308517320495
318.59180916729895,1.8697710352042456,3.4960437240887563,6.53680129310874,12.222321720740378,22.852943136388074,42.72977114558809,79.89488842892675,149.38514824528207,279.31602327872076,522.2570099949868
204.24795494452582,-2.937862274256072,8.631034742497059,-25.356791357775585,74.49476072619129,-218.85534716721025,642.9668679617625,-1888.9481049814472,5549.469375652492,-16303.576720868854,47897.66298368013
246.20098861783524,-3.104383765120497,9.637198561143714,-29.91756275445716,92.87559610691046,-288.32149273018126,895.0605611668822,-2778.6114748861105,8625.876352213962,-26778.030507749838,83129.28317015998
258.95352861746306,-2.0833254234607232,4.340244820037801,-9.042142377628464,18.837725097864972,-39.24511161654623,81.76033877730454,-170.33339240552016,354.8598868627318,-739.2886240675251,1540.1787857951722
285.62780943344825,2.425602359605881,5.883546806925618,14.271145017730428,34.61612302928464,83.9649497002403,203.665580117092,494.01171170251894,1198.2759735785703,2906.5410289712145,7050.112778163883
278.81212223851895,0.9794219228415709,0.9592673029426801,0.9395274263671675,0.9201937584949236,0.9012579403319102,0.8827117848961133,0.8645472736778664,0.8467565531730138,0.8293319314874141,0.8122658750113171
211.58411599314863,-3.3196014309328827,11.019753660251643,-36.581190019099225,121.43497073262948,-403.11570260932956,1338.1834632134448,-4442.235739334072,14746.452116834576,-48952.3435482273,162502.2696902134
251.84233041311853,-0.5731925670672361,0.32854971894112794,-0.18832225680908404,0.10794491781629417,-0.06187322454498348,0.035465272409666605,-0.020328430534235623,0.011652105282366501,-0.006678900138537357,0.0038282959155939464
223.84587870261026,2.6290858083633264,6.9120921877374455,18.172483476879535,47.77701841178102,125.60988107232684,330.2391557174597,868.22707766266,2282.643488319663,6001.265600694184,15777.842223004092
243.27881715546624,-1.3699023534948078,1.8766324581106135,-2.570803221010476,3.521749382834283,-4.824452767963572,6.609029201157837,-9.05372465698203,12.402718715493654,-16.990513558088857,23.275344510311367
277.2942734775233,1.8161456141172112,3.2983848916771823,5.990347254689987,10.879342893644298,19.75847088076934,35.88426023177187,65.17104183577314,118.36010179748867,214.9591797659757,390.3971715462099
347.7433295045008,0.5897140442373235,0.34776265397073997,0.20508052110779001,0.12093886349677263,0.07131934629814742,0.0420580201378427,0.024802205148102014,0.014626208703891004,0.008625280686630706,0.005086449156395073
275.92952517486094,0.3572076077719661,0.12759727505017077,0.045578717378893074,0.01628106460022893,0.005815720137828617,0.0020774194779050095,0.0007420700420413352,0.00026507306451682765,9.468611526084002e-05,3.382260072154532e-05
273.04647175486633,-1.5463600045487855,2.39122926366812,-3.6977012950430233,5.717977391422779,-8.842051545010381,13.672994867362851,-21.143372405290737,32.69526544882205,-50.55865082816422,78.18187552462048
232.50956610510892,-2.7094693593906283,7.341224209476661,-19.890822055993702,53.89357289380624,-146.0229844238533,395.64480206320553,-1071.9874683924254,2904.5171992600062,-7869.70035521807,21322.711980048905
258.1494587357544,2.0770198540377334,4.314011474066927,8.960287482183595,18.610694998381103,38.654783009078294,80.28675176337605,166.75717742873107,346.35796832276736,719.3923768105602,1494.1922494789278
282.9157412533103,-0.1870620065257626,0.03499219428544445,-0.0065457100757745626,0.0012244536609102913,-0.00022904875870769482,4.284632039609663e-05,-8.014918665539543e-06,1.4992867677166146e-06,-2.8045959112659485e-07,5.24633338655358e-08
315.47639768049066,-2.1232087275150344,4.5080153005960115,-9.571457429996764,20.32220195040775,-43.148276543428786,91.61279733424024,-194.51309085212498,412.99189211315655,-876.8679897276015,1861.773768668207
293.9753963972053,1.2680755363665221,1.6080155659312427,2.0390852012539775,2.585714060277175,3.278880743876437,4.157868457972974,5.272491274985523,6.685917201515075,8.478248041413385,10.751058932563694
292.26568325871443,-0.7418521150994877,0.5503445606775835,-0.4082742763721637,0.3028791354674024,-0.22469152726599673,0.16668788474721388,-0.12365775986118024,0.09173577070148109,-0.06805437552517536,0.05048628242512615
331.5829109379764,-0.3648436431276135,0.13311088393062942,-0.048564659833187744,0.017718507420793495,-0.006464484798185954,0.002358526184713239,-0.0008604932856426489,0.0003139455052207142,-0.00011454102186826458,4.17895637059773e-05
274.4756248859548,-0.3637683264297149,0.13232739531347562,-0.04813651513398633,0.01751053955044885,-0.00636977966714811,0.0023171240892444944,-0.0008428963520744472,0.0003066189953478334,-0.0001115382787892419,4.057409300801349e-05
258.94175496104424,1.4030550809867273,1.9685635602826719,2.7620031054999243,3.8752424908727883,5.437178666874727,7.628661154791225,10.703431794355904,15.017504363065934,21.070385800340002,29.562911855517633
348.074193235452,-0.4520087558452099,0.20431191536073456,-0.09235077466655746,0.041743358758371964,-0.01886836365717196,0.008528665581513271,-0.003855031518519677,0.0017425080004301494,-0.0007876288733247562,0.0003560151470992875
224.7509993286281,-3.364706065608601,11.321246907943312,-38.09266814140948,128.170631550616,-431.2565014112429,1451.051366131553,-4882.361333132484,16427.710792083766,-55274.41814618812,185982.1700094653
262.19540151952873,-1.1242446735541392,1.263926086014853,-1.420962169968329,1.5975091509088253,-1.7959911538632423,2.0191334884811027,-2.2700000696196674,2.5520354872374362,-2.86911230324783,3.225584224755021
2.577875480698829,-6.059636784502933,36.71919796010105,-222.50500265647335,1348.2994988330888,-8170.205239655855,49508.47620715722,-300003.3835695781,1817911.5385535585,-11015883.629991466,66752253.65809998
245.3081813225595,-2.286556365531342,5.2283400127519,-11.954894137320077,27.335539288942545,-62.504251366363675,142.91949383452993,-326.7934783858618,747.2317082173215,-1708.5874189511749,3906.781438869575
281.89052982491677,0.39971065901645403,0.159768610931368,0.06386121676552053,0.025526009038938837,0.010203017895014205,0.004078255006772801,0.0016301219963943095,0.0006515771374559872,0.0002604423270125873,0.0001041015741659801
277.1118955478398,1.2791359917400982,1.6361888853649245,2.0929080925553887,2.677114068591714,3.4243929591294315,4.380264283883835,5.60295369884948,7.166939736251681,9.16749056727181,11.726467138535224
253.3744077521295,-0.6216485450564225,0.386446913570767,-0.24023416156281238,0.14934121700837186,-0.09283775027020982,0.05771245238178743,-0.03587686205477623,0.022302799097541615,-0.013864502609672438,0.008618847875233844
